,Unnamed: 0,support,itemsets,encoding
0,0,0.424695174,bowl,116
1,1,0.388974755,place,279
2,2,0.37197321,stir,308
3,3,0.224454748,cover,186
4,4,0.567061652,add,0
5,5,0.380216383,cook,150
6,6,0.368023356,heat,227
7,7,0.351365276,serve,293
8,8,0.235445647,butter,136
9,9,0.351537008,oven,264
